group,scenario,ccstate_ns,jotai_ns,jotai_raw_sync_ns,jotai_standard_ns
core,atom-creation/primitive,222666.97530864194,195863.39935064927,,
core,atom-creation/derived,291082.06666666636,174670.7486772486,,
core,read-write-batch/write,1637956.8250000007,5509527.749999999,,
core,read-write-batch/read,169731.779661017,473761.61904761917,,
core,store-size-original/100/read,18.75054654067678,43.72381696529165,,
core,store-size-original/100/write,156.66068843369789,683.1414882394313,,
core,store-size-original/1000/read,19.178355221903804,40.732871632982125,,
core,store-size-original/1000/write,155.32703729718855,664.3258295194506,,
core,store-size-original/10000/read,17.6715252313454,40.06654118823463,,
core,store-size-original/10000/write,151.65326525216472,641.8341083829357,,
core,store-size-original/100000/read,16.485259848062164,37.815823531452764,,
core,store-size-original/100000/write,137.97014686303882,646.6469061241787,,
core,store-size-original/1000000/read,26.2374219198685,50.148290017779125,,
core,store-size-original/1000000/write,138.7101809717448,658.0019871794893,,
core,computed-read/1,24.774943565363543,49.150809716599234,,
core,computed-read/5,20.828709711037234,48.02253690837516,,
core,computed-read/10,20.74152194028472,50.43734034846928,,
core,computed-read/50,24.546853133239757,49.534987552458624,,
core,derived-chain/10,48941.51650943399,60474.698795180666,,
core,derived-chain/50,214166.54333333345,271202.38392857154,,
core,derived-chain/100,410636.6118421049,480041.27343749994,,
core,derived-chain/200,857303.2083333329,1050573.885714286,,
core,diamond/10,57944.4331797235,82104.55851063832,,
core,diamond/50,247449.6910569107,317520.55050505063,,
core,diamond/100,435494.77142857143,559378.7678571428,,
core,diamond/200,967408.3593749998,1219698.8599999996,,
core,wide-fan-out/100,440245.6041666668,570018.7545454542,,
core,wide-fan-out/500,2096376.6666666667,2906030.4285714254,,
core,wide-fan-out/1000,4405208.8571428545,5525664.833333337,,
core,sub-unsub/100,26156.905128205126,280567.7083333333,,
core,sub-unsub/500,117820.26901669762,1284262.203703705,,
core,sub-unsub/1000,249693.55000000005,2525539.9166666637,,
core,subscribe-write/100,158.11683553161302,664.3479929100197,,
core,subscribe-write/1000,153.66865068210785,701.9843247171183,,
core,subscribe-write/10000,170.52098460155105,736.024556889651,,
core,select-atom/relevant,14935663.600000044,21833713.333333284,,
core,select-atom/irrelevant,13897179.200000027,22403998.00000008,,
core,store-size-retained/100/read,18.828151822587134,43.150584494961414,,
core,store-size-retained/100/write,158.55863329052715,676.6737170285303,,
core,store-size-retained/1000/read,17.031203203607408,41.35443690708444,,
core,store-size-retained/1000/write,154.78595169145723,681.9204649042844,,
core,store-size-retained/10000/read,17.311522944448818,36.83151498559633,,
core,store-size-retained/10000/write,167.72599152385013,691.5053382344877,,
core,store-size-retained/100000/read,15.586879565587761,49.39948273946029,,
core,store-size-retained/100000/write,205.81136686558676,842.2200155438983,,
core,store-size-retained/1000000/read,26.372303318739593,51.09983904675272,,
core,store-size-retained/1000000/write,192.86109542099783,1550.7198621731404,,
core,computed-write-10k/shared-derived,14680526.199999984,21066977.000000104,,
core,shared-root-update/1000,25831.20548523205,25969.324878776577,,
core,shared-root-lifecycle/1000,164401.60204081624,235169.39393939375,,
core,command-batch/lazy,2004273.5624999998,2759941.357142858,,
core,command-batch/eager,4435633.375000002,5654665.416666669,,
core,steady-mounted-chain-write/1,1781.2658146591978,2718.6318030196626,,
core,steady-mounted-chain-write/10,15410.448115516394,19508.12625313284,,
core,steady-mounted-chain-write/50,72267.76897689761,101198.50793650796,,
core,steady-mounted-chain-write/200,306227.2463768117,408509.85064935085,,
core,steady-unmounted-chain-write-read/1,1149.4715829533625,2053.2620530565173,,
core,steady-unmounted-chain-write-read/10,9594.016581818183,12070.910839160835,,
core,steady-unmounted-chain-write-read/50,44551.07692307694,54126.04928315413,,
core,steady-unmounted-chain-write-read/200,175080.03418803427,214189.37866666663,,
core,cached-unmounted-chain-read/1,24.425906244055675,41.39763353941348,,
core,cached-unmounted-chain-read/10,21.37809239030093,41.0297042423318,,
core,cached-unmounted-chain-read/50,21.058550291282145,41.6579446268125,,
core,cached-unmounted-chain-read/200,22.445560189367004,38.68824801864804,,
core,equal-result-chain-cutoff/10,3095.495813614852,5275.89443942134,,
core,equal-result-chain-cutoff/50,8492.490898617509,18199.215044247787,,
core,equal-result-chain-cutoff/200,23351.23571945047,70366.81746031744,,
core,conditional-dependency-switch/1,2214.1103518848613,3526.5002197319277,,
core,conditional-dependency-switch/100,162353.92857142858,287196.0555555557,,
core,shared-state-notify/1,180.94011387534653,592.2680313266187,,
core,shared-state-notify/100,2943.581557806498,3394.945785070786,,
core,shared-state-notify/1000,22295.307667103538,23634.591940532075,,
async,async-chain/depth=1/late=false/mounted=false,139856.20982142858,303413.6441441443,,
async,async-chain/depth=1/late=false/mounted=true,214895.28387096772,340522.59677419346,,
async,async-chain/depth=5/late=false/mounted=false,577374.1634615386,1212489.6470588236,,
async,async-chain/depth=5/late=false/mounted=true,931025.3194444446,1546467.7555555555,,
async,async-chain/depth=1/late=true/mounted=false,149831.14051522245,340451.48571428587,,
async,async-chain/depth=1/late=true/mounted=true,259539.19327731096,365729.8060606064,,
async,async-chain/depth=5/late=true/mounted=false,610784.0178571427,1319793.3877551013,,
async,async-chain/depth=5/late=true/mounted=true,1314779.4791666658,1654842.452380952,,
react,react/shared-state/mount-unmount/components=100,3177357.523809528,,3280319.1147541003,3115814.3291139235
react,react/shared-state/update/components=100,2791363.305555554,,3948339.745098048,2038183.8888888892
react,react/shared-state/mount-unmount/components=1000,26653720.25000005,,27108880.499999996,30270819.71428567
react,react/shared-state/update/components=1000,53195517.49999994,,55545423.49999997,46200616.39999995
react,react/shared-computed/mount-unmount/components=100,3578658.7758620637,,2868811.214285714,2950024.2352941153
react,react/shared-computed/update/components=100,3930152.745098038,,3832784.796296302,3445504.8253968265
react,react/shared-computed/mount-unmount/components=1000,29476916.714285705,,33473321.333333313,30258269.28571431
react,react/shared-computed/update/components=1000,58495126.75000005,,56906618.25000007,46405699.99999998
react,react/independent-state/mount-unmount/components=100,2882946.6266666655,,3247672.290322586,3368753.539682544
react,react/independent-state/update/components=100,253198.2468354433,,274832.54670329666,234751.95892018758
react,react/independent-state/mount-unmount/components=1000,33401805.99999998,,34171745.28571429,34458689.285714306
react,react/independent-state/update/components=1000,2266712.7191011226,,2447948.7682926846,2087382.687500001
react,react/shared-state/command-batch/components=100,2939086.478260866,,2730475.2432432417,3150116.840579707
react,react/shared-computed/command-batch/components=100,3202579.5555555522,,3125999.5312500023,2194419.423913043
